SYMBOL,SERIES,SECURITY,HIGH/LOW
21STCENMGM,EQ,21ST CENTURY MGMT SERVICE,H
980SCL33D,YG,SEC RE NCD 9.71% SR VIII,H
AARADHYA,SM,AARADHYA DISPOSAL INDUS L,H
ABAN,BE,ABAN OFFSHORE LTD.,H
AKANKSHA,SM,AKANKSHA POWER N INFRA L,H
AKI,EQ,AKI INDIA LIMITED,H
AKSHARCHEM,BE,AKSHARCHEM INDIA LIMITED,H
ALPHAGEO,BE,ALPHAGEO (INDIA) LIMITED,H
ANNU,BE,ANNU PROJECTS LIMITED,H
ANSALAPI,BZ,ANSAL PROP & INFRA LTD,H
ANTELOPUS,EQ,ANTELOPUS SELAN ENRGY LTD,H
ARROWGREEN,BE,ARROW GREENTECH LIMITED,H
ATHERENERG,EQ,ATHER ENERGY LIMITED,H
AUGMONT,EQ,AUGMONT ENTERPRISES LTD,H
AUROIMPEX,SM,AURO IMPEX & CHEMICALS L,H
AUSL,SM,ADITYA ULTRA STEEL LTD,H
AUSOMENT,EQ,AUSOM ENTERPRISE LIMITED,H
BALAXI,EQ,BALAXI PHARMA LTD,H
BESTAGRO,EQ,BEST AGROLIFE LIMITED,H
BGRENERGY,BE,BGR ENERGY SYSTEMS LTD,H
BHAGERIA,BE,BHAGERIA INDUSTRIES LTD,H
BIKEWO,ST,BIKEWO GREEN TECH LIMITED,H
BIRLACABLE,BE,BIRLA CABLE LIMITED,H
BLUSPRING,EQ,BLUSPRING ENTERPRISES LTD,H
BSE,EQ,BSE LIMITED,H
BURNPUR,EQ,BURNPUR CEMENT LIMITED,H
CALSOFT,EQ,CALIFORNIA SOFTWARE CO LT,H
CAPTRUST,BE,CAPITAL TRUST LIMITED,H
DAICHI,EQ,DAI-ICHI KARKARIA LTD.,H
DEEDEV,EQ,DEE DEVELOPMENT ENG LTD,H
DGCONTENT,EQ,DIGICONTENT LIMITED,H
DHARAN,BZ,DHARAN INFRA-EPC LIMITED,H
DHARIWAL,SM,DHARIWALCORP LIMITED,H
DPSCLTD,BE,DPSC LIMITED,H
DSKULKARNI,BE,DS KULKARNI DEVELOPERS L,H
DYNAMIC,ST,DYNAMIC SRVCS & SEC LTD,H
EFFWA,ST,EFFWA INFRA & RESEARCH L,H
ESCONET,SM,ESCONET TECHNOLOGIES LTD,H
FEL,BZ,FUTURE ENTERPRISES LTD,H
FILATFASH,EQ,FILATEX FASHIONS LIMITED,H
FLFL,BZ,FUT LIFESTYLE FASH LTD,H
FORGEAUTO,SM,FORGE AUTO INTERNATION L,H
GANESHBE,BE,GANESH BENZOPLAST LIMITED,H
GANGAFORGE,EQ,GANGA FORGING LIMITED,H
GAYAPROJ,EQ,GAYATRI PROJECTS LTD,H
GCHOTELS,ST,GRAND CONTINENT HOTELS L,H
GJL,ST,GROVER JEWELLS LIMITED,H
GML,SM,GALAXY MEDICARE LIMITED,H
GOLDSTAR,SM,GOLDSTAR POWER LIMITED,H
GREENCHEF,SM,GREENCHEF APPLIANCES LTD,H
GSLSU,EQ,GLOBAL SURFACES LIMITED,H
HEROMOTOCO,EQ,HERO MOTOCORP LIMITED,H
HMT,BZ,HMT LTD -,H
HPTL,SM,HP TELECOM INDIA LIMITED,H
HRHNEXT,SM,HRH NEXT SERVICES LIMITED,H
ICDSLTD,EQ,ICDS LTD,H
IMPEXFERRO,BZ,IMPEX FERRO TECH LIMITED,H
INDIAGLYCO,BE,INDIA GLYCOLS LTD,H
KALYANIFRG,EQ,KALYANI FORGE LIMITED,H
KEI,EQ,KEI INDUSTRIES LTD.,H
KORE,SM,JAY JALARAM TECHNO LTD,H
KRONOX,BE,KRONOX LAB SCIENCES LTD,H
KSHITIJ-RE,BE,KSHITIJ POLYLINE LTD,H
KSHITIJPOL,EQ,KSHITIJ POLYLINE LIMITED,H
MADHUCON,BE,MADHUCON PROJECTS LTD.,H
MAFANG,EQ,MIRAEAMC - MAFANG,H
MAHKTECH,EQ,MIRAEAMC - MAHKTECH,H
MAKS,SM,MAKS ENERGY SOL INDIA LTD,H
MANAKSTEEL,EQ,MANAKSIA STEELS LTD,H
MANAV,SM,MANAV INFRA PROJECTS LTD,H
MASPTOP50,EQ,MIRAEAMC - MASPTOP50,H
MAZDA,BE,MAZDA LIMITED,H
MBECL,BE,MCNALLY BHARAT ENGIN CO L,H
MEP,BZ,MEP INFRA. DEVELOPERS LTD,H
MILKYMIST,EQ,MILKY MIST DAIRY FOOD L,H
MINALIND,BE,MINAL INDUSTRIES LTD.,H
MOLDTECH,BE,MOLD-TEK TECHNOLOGIES LTD,H
MON100,EQ,MOTILAL OS NASDAQ100 ETF,H
MONOPHARMA,SM,MONO PHARMACARE LIMITED,H
MONQ50,EQ,MOTILALAMC - MONQ50,H
MPDL,BE,MPDL LTD.,H
MPEL,ST,MANAS POLYMER N ENERGIE L,H
MVKAGRO,SM,M.V.K. AGRO FOOD PROD LTD,H
NECCLTD,BE,NORTH EAST CARRY CORP LTD,H
NINSYS,EQ,NINTEC SYSTEMS LIMITED,H
NIRAJISPAT,EQ,NIRAJ ISPAT IND LTD,H
OILCOUNTUB,BE,OIL COUNTRY TUBULAR LTD.,H
ONIXSOLAR,EQ,ONIX SOLAR ENERGY LTD.,H
OWAIS,ST,OWAIS METAL & MINERAL,H
PAR,EQ,PAR DRUGS AND CHEM LTD,H
PARAMOUNT,SM,PARAMOUNT DYE TEC LIMITED,H
PARSVNATH,BE,PARSVNATH DEVELOPER LTD,H
PENTAGON,SM,PENTAGON RUBBER LIMITED,H
PLAZACABLE,EQ,PLAZA WIRES LIMITED,H
POLYSIL,SM,POLYSIL IRRIGATION SYST L,H
RADIOWALLA,ST,RADIOWALLA NETWORK LTD,H
RAJESHEXPO,BZ,RAJESH EXPORTS LTD,H
REXPRO,SM,REXPRO ENTERPRISES LTD,H
RHETAN,EQ,RHETAN TMT LIMITED,H
RITEZONE,SM,RITE ZONE CHEMCON IND LTD,H
RNBDENIMS,EQ,R&B DENIMS LIMITED,H
RSWM,BE,RSWM LIMITED,H
SABAR,ST,SABAR FLEX INDIA LIMITED,H
SADBHAV,EQ,SADBHAV ENGINEERING LTD,H
SANGANI,SM,SANGANI HOSPITALS LIMITED,H
SANGINITA,BE,SANGINITA CHEMICALS LTD,H
SANWARIA,BZ,SANWARIA CONSUMER LIMITED,H
SETUINFRA,BZ,SETUBANDHAN INFRA LTD,H
SHRENIK,BZ,SHRENIK LIMITED,H
SHRIAHIMSA,ST,SHRI AHIMSA NATURALS LTD,H
SHYAMCENT,BE,SHYAM CENTURY FERROUS LTD,H
SICAGEN,EQ,SICAGEN INDIA LIMITED,H
SICALLOG,BE,SICAL LOGISTICS LIMITED,H
SILKFLEX,SM,SILKFLEX POLYMERS INDIA L,H
SITINET,BZ,SITI NETWORKS LIMITED,H
SOMATEX,EQ,SOMA TEXTILES & INDUST LT,H
SONUINFRA,ST,SONU INFRATECH LIMITED,H
SRIKPRIND,EQ,SRI KPR INDUSTRIES LTD.,H
STERTOOLS,BE,STERLING TOOLS LIMITED,H
SUDEEPPHRM,EQ,SUDEEP PHARMA LIMITED,H
SUPERSPIN,BE,SUPER SPINNING MILLS LTD,H
SUPTANERY,BE,SUPER TANNERY LTD.,H
TAC,ST,TAC INFOSEC LIMITED,H
TANKUP,ST,TANKUP ENGINEERS LIMITED,H
TGL,ST,TEERTH GOPICON LIMITED,H
TPHQ,BE,TEAMO PRODUCTIONS HQ LTD,H
UEL,EQ,UJAAS ENERGY LIMITED,H
UFBL,BE,UNITED FOODBRANDS LIMITED,H
UNIVASTU,BE,UNIVASTU INDIA LIMITED,H
URAVIDEF,BE,URAVI DEFENCE &TECH LTD,H
VALIANTLAB,BE,VALIANT LABORATORIES LTD,H
VALIANTORG,BE,VALIANT ORGANICS LIMITED,H
VILINBIO,SM,VILIN BIO MED LIMITED,H
VISL,EQ,VEDANTA IRON AND STEEL L,H
VOLTAS,EQ,VOLTAS LTD,H
21STCENMGM,EQ,21ST CENTURY MGMT SERVICE,L
724UP36,SG,SDL UP 7.24% 2036,L
783AP43,SG,SDL AP 7.83% 2043,L
ABAN,BE,ABAN OFFSHORE LTD.,L
ABH,ST,ABH HEALTHCARE LIMITED,L
ADANIENSOL,EQ,ADANI ENERGY SOLUTION LTD,L
ADANIGREEN,EQ,ADANI GREEN ENERGY LTD,L
ADANIPOWER,EQ,ADANI POWER LTD,L
AGARWALFT,SM,AGARWAL FLOAT GLASS I LTD,L
ANKITMETAL,BZ,ANKIT MET & POW LTD,L
APOORVA,EQ,APOORVA LEAS F & INV C L,L
AQYLON,EQ,AQYLON NEXUS LIMITED,L
ARCL,EQ,ARCL ORGANICS LTD.,L
ARSHIYA,BZ,ARSHIYA LIMITED,L
BALCO,SM,SOLVE PLASTIC PRODUCTS L,L
BHADORA,ST,BHADORA INDUSTRIES LTD,L
BIOPOL,SM,BIOPOL CHEMICALS LIMITED,L
CBAZAAR,ST,NET AVENUE TECHNOLOGIES L,L
CEDAAR,ST,CEDAAR TEXTILE LIMITED,L
CLSL,ST,CROP LIFE SCIENCE LIMITED,L
COMPINFO,BZ,COMPUAGE INFOCOM LTD,L
CONTI,SM,CONTINENTAL SEED CHEM LTD,L
CRSL,BE,CRESSANDA RAILWAY SOLUT L,L
DELPHIFX,BE,DELPHI WORLD MONEY LTD,L
DHANSA,SM,DHANSA LABS LIMITED,L
DHARAN,BZ,DHARAN INFRA-EPC LIMITED,L
DIVINEHIRA,ST,DIVINE HIRA JEWELLERS LTD,L
DIVYADHAN,ST,DIVYADHAN RECYCLING IND L,L
DPSCLTD,BE,DPSC LIMITED,L
EASTSILK,BE,EASTERN SILK INDUSTRIES L,L
ELITECON,EQ,ELITECON INTERNATIONAL L,L
EMPOWER,EQ,EMPOWER INDIA LTD.,L
FASCINATE,ST,FASCINATE TEXTILES LTD,L
FLEXITUFF,BE,FLEXITUFF VENTURES INT L,L
GANESHIN,ST,GANESH INFRAWORLD LIMITED,L
GATECH,BE,GACM TECHNOLOGIES LIMITED,L
GATECHDVR,BE,GACM TECHNOLOGIES LIMITED,L
GAUDIUMIVF,BE,GAUDIUM IVF N WOMEN H L,L
GIRIRAJ,SM,GIRIRAJ CIVIL DEVP LTD,L
GLFL,EQ,GUJARAT LEASE FINANCING L,L
GRANDOAK,EQ,GRAND OAK CANYONS DIST L,L
GSMFOILS,SM,GSM FOILS LIMITED,L
GSTL,SM,GLOBESECURE TECHNO LTD,L
GVKPIL,BE,GVK POW. & INFRA LTD.,L
IDEA,EQ,VODAFONE IDEA LIMITED,L
IEML,ST,INDIAN EMULSIFIERS LTD,L
INDOTHAI,EQ,INDO THAI SEC LTD,L
INOXWIND,EQ,INOX WIND LIMITED,L
JSWENERGY,EQ,JSW ENERGY LIMITED,L
KALANA,SM,KALANA ISPAT LIMITED,L
KALYANIFRG,EQ,KALYANI FORGE LIMITED,L
KALYANKJIL,EQ,KALYAN JEWELLERS IND LTD,L
LAKPRE,BZ,LAKSHMI PRE SCRE LTD,L
LEMERITE,EQ,LE MERITE EXPORTS LIMITED,L
LTF,EQ,L&T FINANCE LIMITED,L
MADHURKNIT,ST,MADHUR KNIT CRAFTS LTD,L
MAHASTEEL,BE,MAHAMAYA STEEL INDS LTD,L
MANBRO,EQ,MANBRO INDUSTRIES LTD.,L
MANORG,EQ,MANGALAM ORGANICS LIMITED,L
MEP,BZ,MEP INFRA. DEVELOPERS LTD,L
METALIC,ST,METALIC TECHNOFORGE LTD,L
MITCON,BE,MITCON CON & ENG SER LTD,L
MOS,ST,MOS UTILITY LIMITED,L
MPDL,BE,MPDL LTD.,L
MPEL,ST,MANAS POLYMER N ENERGIE L,L
MTEDUCARE,BE,MT EDUCARE LTD,L
NAVKARURB,BE,NAVKAR URBANSTRUCTURE LTD,L
NEELAM,SM,NEELAM LINENS & GAR (I) L,L
NEUEON,BE,NEUEON CORPORATION LTD,L
NIMBSPROJ,EQ,NIMBUS PROJECTS LIMITED,L
NOVAAGRI,BE,NOVA AGRITECH LIMITED,L
OMFURN,SM,OMFURN INDIA LIMITED,L
ONYX,ST,ONYX BIOTEC LIMITED,L
OPTIVALUE,ST,OPTIVALUE TEK CONSULT LTD,L
OWAIS,ST,OWAIS METAL & MINERAL,L
PERFECT,SZ,PERFECT INFRAENGINEER LTD,L
PIONRINV,BE,PIONEER INVESTCORP LTD.,L
PLAZACABLE,EQ,PLAZA WIRES LIMITED,L
PPSL,SM,PICTUREPOST STUDIOS LTD,L
PRAXIS,EQ,PRAXIS HOME RETAIL LTD,L
PREMIER,BE,PREMIER LIMITED,L
PROLIFE,SM,PROLIFE INDUSTRIES LTD,L
PURVFLEXI,SM,PURV FLEXIPACK LIMITED,L
PVP,EQ,PVP VENTURES LIMITED,L
QVCEL,SM,QVC EXPORTS LIMITED,L
RAJRILTD,BE,RAJ RAYON INDUSTRIES LTD,L
RAJTV,EQ,RAJ TV NETWORK LTD,L
RATNA-RE,BE,RATNAVEER PRECISION LTD,L
RBLBANK,EQ,RBL BANK LIMITED,L
RCDL-RE,ST,RAJGOR CAST DERIVATI LTD,L
REFRACTORY,SM,REFRACTORY SHAPES LIMITED,L
RELINFRA,BE,RELIANCE INFRASTRUCTU LTD,L
RFBL,ST,RFBL FLEXI PACK LIMITED,L
ROLLT,BE,ROLLATAINERS LIMITED,L
RSSOFTWARE,EQ,R. S. SOFTWARE (INDIA) LI,L
SAROJA,SM,SAROJA PHARMA INDUS IND L,L
SATIPOLY,ST,SATI POLY PLAST LIMITED,L
SAWALIYA,SM,SAWALIYA FOOD PRODUCTS L,L
SHEKHAWATI,BE,SHEKHAWATI INDUSTRIES LTD,L
SHIVALIK,BE,SHIVALIK RASAYAN LIMITED,L
SHRENIK,BZ,SHRENIK LIMITED,L
SHUBHLAXMI,SM,SHUBHLAXMI JEWEL ART LTD,L
SIMBHALS,BZ,SIMBHAOLI SUGARS LTD.,L
SKYTECH,ST,SKYTECH INFINITE PLATFM L,L
SOLARINDS,EQ,SOLAR INDUSTRIES (I) LTD,L
SUMEETINDS,EQ,SUMEET IND LIMITED,L
SUPTANERY,BE,SUPER TANNERY LTD.,L
SYNOPTICS,ST,SYNOPTICS TECHNOLOGIES L,L
TAKE,EQ,TAKE LIMITED,L
TATAPOWER,EQ,TATA POWER CO LTD,L
TAURIAN,ST,TAURIAN MPS LIMITED,L
THESL,ST,THINKING HATS ENTER SOL L,L
TRIDHYA,ST,TRIDHYA TECH LIMITED,L
TVVISION,BE,TV VISION LIMITED,L
UNIINFO,EQ,UNIINFO TELECOM SERVI LTD,L
USASEEDS,SM,UPSURGE SEEDS OF AGRI LTD,L
UTKAL,SM,UTKAL SPEC INDUS INDIA L,L
VBL,EQ,VARUN BEVERAGES LIMITED,L
VCL,BE,VAXTEX COTFAB LIMITED,L
VISAMAN,SM,VISAMAN GLOBAL SALES LTD,L
VIVIMEDLAB,BE,VIVIMED LABS LIMITED,L
VMM,EQ,VISHAL MEGA MART LIMITED,L
WALPAR,SM,WALPAR NUTRITIONS LIMITED,L
WOL3D,SM,WOL 3D INDIA LIMITED,L
