SECURITY,NEW,PREVIOUS,NEW_STATUS
3B BLACKBIO DX LTD.           ,1588.90,1546.80,H
ALUFLUORIDE LTD.              ,509.90,504.00,H
ANNU PROJECTS LIMITED         ,75.60,99.00,H
ANTHEM BIOSCIENCES LTD        ,952.80,942.60,H
APSIS AEROCOM LIMITED         ,587.60,576.10,H
AXISAMC - ENERGYAXIS          ,19.27,19.06,H
BLISS GVS PHARMA LTD          ,659.00,635.00,H
BLUE WATER LOGISTICS LTD      ,502.95,498.75,H
COMMERCIAL SYN BAGS LTD       ,314.85,309.90,H
CORDS CABLE INDUS LTD.        ,329.30,316.00,H
CURIS LIFESCIENCES LTD        ,150.35,147.90,H
DAI-ICHI KARKARIA LTD.        ,355.95,350.00,H
E TO E TRANS INFRA LTD        ,353.00,347.10,H
EDELAMC - EBBETF0433          ,1350.32,1345.89,H
EDELAMC - ELIQUID             ,1051.22,1046.00,H
FORCAS STUDIO LIMITED         ,243.95,235.85,H
FRESHARA AGRO EXPORTS LTD     ,474.00,464.00,H
GHCL TEXTILES LIMITED         ,144.59,144.00,H
GRETEX CORPORATE SERVICES     ,575.65,564.50,H
GUJARAT KIDNEY N SUP SP L     ,171.90,169.00,H
GYFTR LIMITED                 ,189.17,188.00,H
HALDYN GLASS LTD.             ,145.00,143.00,H
HOAC FOODS INDIA LIMITED      ,950.00,914.00,H
HY-TECH ENGINEERS LIMITED     ,81.40,78.75,H
INNOMET ADVANCED MATERI L     ,271.55,266.25,H
KALYANI FORGE LIMITED         ,1192.25,1097.15,H
KSHITIJ POLYLINE LTD          ,0.06,0.05,H
LENSKART SOLUTIONS LTD        ,678.40,674.90,H
MANAKSIA STEELS LTD           ,109.30,107.00,H
MANGALAM CEMENT LTD           ,1114.40,1114.00,H
MARINE ELECTRICAL (I) LTD     ,436.00,435.00,H
MILKY MIST DAIRY FOOD L       ,255.23,233.80,H
MINAL INDUSTRIES LTD.         ,4.86,4.63,H
MODISON LIMITED               ,546.00,499.45,H
MONOLITHISCH INDIA LTD        ,1278.00,1240.00,H
NIPPONAMC - LIQGRWBEES        ,1056.73,1056.29,H
NIPPONAMC - NETFPHARMA        ,28.36,28.32,H
PARNAX LAB LTD.               ,144.90,143.90,H
PARTH ELEC & ENG LTD          ,545.00,536.95,H
PATIL AUTOMATION LIMITED      ,284.50,268.90,H
PETRO CARBON AND CHEMI L      ,420.00,417.00,H
PRIZOR VIZTECH LIMITED        ,1153.85,1131.25,H
PTC INDUSTRIES LIMITED        ,22980.00,22945.00,H
Q-LINE BIOTECH LIMITED        ,623.00,622.00,H
RATNAVEER PRECISION LTD       ,17.50,27.35,H
RELIGARAMC - IVZBANKNF        ,58.45,57.72,H
RISHABH INSTRUMENTS LTD       ,753.00,729.85,H
S.A.L. STEEL LTD.             ,86.25,82.73,H
SAI LIFE SCIENCES LIMITED     ,1595.00,1560.00,H
SAKAR HEALTHCARE LIMITED      ,1024.00,999.00,H
SEAMEC LIMITED                ,1749.00,1719.90,H
SHALIBHADRA FINANCE LTD       ,89.50,86.89,H
SHIV AUM STEELS LIMITED       ,483.90,474.05,H
SHREEJI GLOBAL FMCG LTD       ,190.00,189.50,H
SHRIRAM - LIQUIDSHRI          ,1119.85,1119.72,H
SHUKRA PHARMACEUTICALS L      ,47.24,46.99,H
SILKFLEX POLYMERS INDIA L     ,261.55,255.20,H
SKF IND (INDUSTRIAL) LTD      ,3082.90,3074.30,H
SRI KPR INDUSTRIES LTD.       ,30.42,25.35,H
STANDARD ENGNG TCNLGY LTD     ,389.95,387.95,H
SUDEEP PHARMA LIMITED         ,1292.40,1263.00,H
SUMAX ENGINEERING LIMITED     ,116.00,101.00,H
SUNSHINE PICTURES LIMITED     ,473.80,467.95,H
SUPER TANNERY LTD.            ,16.21,15.44,H
TANKUP ENGINEERS LIMITED      ,1576.85,1501.80,H
TAURIAN MPS LIMITED           ,545.25,544.80,H
TRIB BHIMJI ZAVERI LTD        ,430.00,366.80,H
UNITED HEAT TRANSFER LTD      ,152.30,149.35,H
VISION INFRA EQUIP SOL L      ,379.95,375.90,H
WELSPUN CORP LIMITED          ,2592.00,2575.00,H
WELSPUN ENTERPRISES LTD.      ,745.00,712.50,H
XTRANET TECHNOLOGIES LTD      ,207.41,206.39,H
ZERODHAAMC - LIQUIDCASE       ,115.75,115.74,H
ABH HEALTHCARE LIMITED        ,89.35,94.05,L
ADITYA BIRLA FASHION & RT     ,50.20,50.60,L
ADITYA BIRLA LIFES BRAN L     ,82.61,84.00,L
ADVIK CAPITAL LTD.            ,1.11,1.12,L
ALPINE TEXWORLD LIMITED       ,50.46,51.50,L
ANNU PROJECTS LIMITED         ,70.00,99.00,L
APOORVA LEAS F & INV C L      ,25.25,25.31,L
ARSHIYA LIMITED               ,0.71,0.74,L
AXISAMC - ENERGYAXIS          ,18.81,19.06,L
BEHARI LAL ENGINEERING L      ,431.10,431.20,L
BIOPOL CHEMICALS LIMITED      ,41.55,46.15,L
BLUE CLOUD SOFTECH SOLU L     ,19.61,19.80,L
BN AGROCHEM LTD.              ,218.00,219.05,L
BRAINBEES SOLUTIONS LTD       ,168.15,176.40,L
CAPTAIN POLYPLAST LIMITED     ,61.52,63.01,L
CEINSYS TECH LIMITED          ,694.95,697.15,L
CRIZAC LIMITED                ,161.66,162.11,L
CSM TECHNOLOGIES LIMITED      ,93.12,93.21,L
DEEP POLYMERS LTD.            ,34.20,34.50,L
DEEPAK BUILDERS & ENG I L     ,6.01,6.16,L
DELPHI WORLD MONEY LTD        ,6.09,6.12,L
DSPAMC - DSPGOLD              ,14.46,14.70,L
DSPAMC - DSPSILVETF           ,21.64,21.88,L
DSPAMC - FMCGADD              ,46.18,46.48,L
EDELAMC - EBANK10             ,16.57,16.60,L
EDELAMC - ELMDIV              ,35.83,36.13,L
ELITECON INTERNATIONAL L      ,9.61,10.11,L
FASCINATE TEXTILES LTD        ,80.35,84.55,L
FLEXITUFF VENTURES INT L      ,2.34,2.45,L
GROWWAMC - CEMNTGROWW         ,14.40,14.50,L
GROWWAMC - GROWWRAIL          ,27.71,27.80,L
HORIZON INDUSTRIAL PRKS L     ,53.75,55.00,L
ICICIPRAMC - INSUREIETF       ,15.00,15.15,L
INDIAN RAIL TOUR CORP LTD     ,470.70,480.15,L
JUPITER LIFE LINE HOSP L      ,282.35,290.20,L
K M C SPECIALITY HOSP I L     ,131.45,132.11,L
KAMA HOLDINGS LTD.            ,2340.00,2350.00,L
KOTHARI INDUSTRIAL CORP L     ,136.10,139.35,L
L K P SECURITIES LTD.         ,14.01,14.51,L
LANDSMILL GREEN LIMITED       ,0.67,0.68,L
MADHUR KNIT CRAFTS LTD        ,90.25,95.00,L
MANAS POLYMER N ENERGIE L     ,23.50,24.70,L
MANBRO INDUSTRIES LTD.        ,48.75,51.00,L
MIDWEST LIMITED               ,1032.00,1043.40,L
MIRAEAMC - LARGEMID50         ,36.16,36.45,L
MOS UTILITY LIMITED           ,8.30,8.70,L
MUKESH BABU FINANC SER L      ,133.00,134.10,L
NEELAM LINENS & GAR (I) L     ,6.65,7.00,L
NILE LTD.                     ,1437.10,1445.70,L
NIMBUS PROJECTS LIMITED       ,159.61,163.52,L
ONE GLOBAL SERVICE PROV L     ,501.00,505.95,L
OPTIMYSTIX ENT INDIA LTD      ,147.00,160.00,L
OSWAL PUMPS LIMITED           ,275.20,283.10,L
P O C L ENTERPRISES LTD.      ,140.60,145.00,L
PANORAMA STUDIOS INTL. L      ,40.00,40.49,L
PRAXIS HOME RETAIL LTD        ,4.46,4.60,L
PREMIER ROADLINES LIMITED     ,41.00,41.60,L
QUANT_AMC - SILVER001         ,22.56,22.98,L
RAJ TV NETWORK LTD            ,8.93,9.39,L
RAJGOR CAST DERIVATI LTD      ,1.75,2.90,L
RAJGOR CASTOR DERIVATI L      ,14.25,15.30,L
RATNAVEER PRECISION LTD       ,16.45,27.35,L
RAYMOND LIFESTYLE LIMITED     ,628.25,633.00,L
RELIGARAMC - IVZBANKNF        ,56.90,57.05,L
RIR POWER ELECTRONICS L       ,154.00,154.30,L
RKEC PROJECTS LIMITED         ,21.04,21.12,L
RMC SWITCHGEARS LIMITED       ,220.05,230.00,L
SAI CAPITAL LTD.              ,140.00,140.50,L
SAI SILKS (KALAMANDIR) L      ,84.10,84.50,L
SAINT GOBAIN SEKUR IND L      ,113.21,114.01,L
SALASAR TECHNO ENGG. LTD.     ,5.58,5.59,L
SHREE RAM TWISTEX LIMITED     ,36.70,37.50,L
SKYTECH INFINITE PLATFM L     ,46.80,49.25,L
SUMAX ENGINEERING LIMITED     ,107.00,101.00,L
SUPREME HOLDIN N HOSP I L     ,36.00,37.55,L
SUVIDHAA INFOSERVE LTD        ,1.77,1.91,L
TANEJA AEROSPACE & AVIA L     ,280.50,288.10,L
TUNWAL E-MOTORS LIMITED       ,25.00,25.10,L
TWAMEV CONS AND INFRA LTD     ,8.00,8.22,L
UTIAMC - NIF500BETA           ,37.17,37.43,L
VOITH PAPER FABRICS IND L     ,1410.00,1414.10,L
